index,strategy,score
0,Shochan,0.3679168678978559
1,UOAgent,0.36046863173423965
2,AwesomeNegotiator,0.29439095107698143
3,RVFitter,0.21244427797293583
